username,film_name,rating
yifs,Guardians of the Galaxy (2014),5.0
yifs,Atonement (2007),5.0
yifs,Kill Bill: Vol. 1 (2003),5.0
yifs,Superman (2025),5.0
yifs,Brave (2012),5.0
yifs,12 Angry Men (1957),5.0
yifs,Interstellar (2014),5.0
yifs,Mona Lisa Smile (2003),5.0
yifs,Project Hail Mary (2026),5.0
yifs,The Prestige (2006),5.0
yifs,Rush Hour (1998),5.0
yifs,Sound of Metal (2019),5.0
yifs,A Very Special Supernatural Special (2014),5.0
yifs,The Grand Budapest Hotel (2014),5.0
yifs,Marty Supreme (2025),5.0
yifs,Hamnet (2025),5.0
yifs,The Silence of the Lambs (1991),5.0
yifs,Parasite (2019),5.0
yifs,Past Lives (2023),5.0
yifs,Se7en (1995),5.0
yifs,Before Sunrise (1995),5.0
yifs,A Bronx Tale (1993),5.0
yifs,(500) Days of Summer (2009),5.0
yifs,Tangerines (2013),5.0
yifs,10 Things I Hate About You (1999),5.0
yifs,My Girl (1991),5.0
yifs,The Pianist (2002),5.0
yifs,The Perks of Being a Wallflower (2012),5.0
yifs,Waves (2019),5.0
yifs,Aftersun (2022),5.0
yifs,Eternal Sunshine of the Spotless Mind (2004),5.0
yifs,Prisoners (2013),4.5
yifs,The Sixth Sense (1999),4.5
yifs,The Imitation Game (2014),4.5
yifs,Everything Everywhere All at Once (2022),4.5
yifs,About Time (2013),4.5
yifs,The Brutalist (2024),4.5
yifs,One Day (2011),4.5
yifs,Spider-Man: Brand New Day (2026),4.0
yifs,The Great Gatsby (2013),4.0
yifs,Black Swan (2010),4.0
yifs,Captain America: Civil War (2016),4.0
yifs,Begin Again (2013),4.0
yifs,Legally Blonde (2001),4.0
yifs,I Origins (2014),4.0
yifs,Uptown Girls (2003),4.0
yifs,Eyes Wide Shut (1999),4.0
yifs,The Black Phone (2021),4.0
yifs,Vanilla Sky (2001),4.0
yifs,Eternity (2025),4.0
yifs,Midsommar (2019),4.0
yifs,Manchester by the Sea (2016),4.0
yifs,The Edge of Seventeen (2016),4.0
yifs,Monster (2023),4.0
yifs,"Crazy, Stupid, Love. (2011)",3.5
yifs,The Fantastic 4: First Steps (2025),3.5
yifs,Seazone (2010),3.5
yifs,Ready or Not 2: Here I Come (2026),3.5
yifs,White Nights (1960),3.5
yifs,Call Me by Your Name (2017),3.5
yifs,Gone Girl (2014),3.5
yifs,Saw II (2005),3.5
yifs,Saw (2004),3.5
yifs,Moonlight (2016),3.5
yifs,28 Years Later: The Bone Temple (2026),3.5
yifs,28 Days Later (2002),3.5
yifs,Black Phone 2 (2025),3.5
yifs,Now You See Me: Now You Don't (2025),3.5
yifs,A Cinderella Story (2004),3.5
yifs,Ready or Not (2019),3.5
yifs,Just Like Heaven (2005),3.5
yifs,The Butterfly Effect (2004),3.5
yifs,The Notebook (2004),3.5
yifs,The Godfather (1972),3.0
yifs,Trainspotting (1996),3.0
yifs,Caught Stealing (2025),3.0
yifs,Blink Twice (2024),3.0
yifs,28 Years Later (2025),3.0
yifs,Sinners (2025),3.0
yifs,Mercy (2026),3.0
yifs,The Age of Adaline (2015),3.0
yifs,Sinister 2 (2015),3.0
yifs,Sinister (2012),3.0
yifs,The Road (2009),3.0
yifs,Sleepy Hollow (1999),3.0
yifs,My Fault: London (2025),3.0
yifs,The Virgin Suicides (1999),3.0
yifs,Anora (2024),3.0
yifs,Obsession (2025),2.5
yifs,The Omen (2006),2.5
yifs,The Drama (2026),2.5
yifs,5 to 7 (2014),2.5
yifs,The Social Network (2010),2.5
yifs,DeVour (2005),2.5
yifs,Hannibal (2001),2.5
yifs,Runaway Bride (1999),2.5
yifs,Leap Year (2010),2.5
yifs,Twilight (2008),2.5
yifs,The Wedding Planner (2001),2.5
yifs,Disturbia (2007),2.0
yifs,Pig (2019),2.0
yifs,Ten Inch Hero (2007),2.0
yifs,28 Weeks Later (2007),2.0
yifs,The Good Girl (2002),2.0
yifs,Knight and Day (2010),1.5
yifs,It Ends with Us (2024),1.0
yifs,The Girl Next Door (2004),0.5
yifs,A Serbian Film (2010),0.5
yifs,Jurassic World: Fallen Kingdom (2018),Unrated
yifs,Jurassic World (2015),Unrated
yifs,The Twilight Saga: Breaking Dawn – Part 2 (2012),Unrated
yifs,Avatar: Fire and Ash (2025),Unrated
yifs,Avatar: The Way of Water (2022),Unrated
yifs,Avatar (2009),Unrated
yifs,X-Men (2000),Unrated
yifs,X2 (2003),Unrated
yifs,Fight Club (1999),Unrated
yifs,"Legally Blonde 2: Red, White & Blonde (2003)",Unrated
yifs,Caddo Lake (2024),Unrated
yifs,Jurassic World Dominion (2022),Unrated
yifs,The Twilight Saga: New Moon (2009),Unrated
yifs,Jurassic World Rebirth (2025),Unrated
yvavistvala,This poor rabbit (2017),5.0
yvavistvala,"Childhood too is gone, it vanished (1997)",5.0
yvavistvala,Mikho and Two Maros (2002),5.0
yvavistvala,A Serbian Film (2010),5.0
yvavistvala,Vertigo (1958),5.0
yvavistvala,"Love, Death & Robots: The Witness (2019)",5.0
yvavistvala,"Love, Death & Robots: Jibaro (2022)",5.0
yvavistvala,Howl's Moving Castle (2004),5.0
yvavistvala,Shrek 2 (2004),5.0
yvavistvala,Coraline (2009),5.0
yvavistvala,Coco (2017),5.0
yvavistvala,Oldboy (2003),5.0
yvavistvala,Twin Peaks (1989),5.0
yvavistvala,Sun of the Sleepless (1992),5.0
yvavistvala,White Flags (1990),5.0
yvavistvala,Wine Thieves (1975),5.0
yvavistvala,Feola (1970),5.0
yvavistvala,Kvevri (1970),5.0
yvavistvala,First Swallow (1975),5.0
yvavistvala,Look at These Young People! (1969),5.0
yvavistvala,Data Tutashkhia (1977),5.0
yvavistvala,The Wishing Tree (1976),5.0
yvavistvala,Son-in-law without Diploma (1961),5.0
yvavistvala,An Unusual Exhibition (1968),5.0
yvavistvala,Father of a Soldier (1965),5.0
yvavistvala,Roots (1987),5.0
yvavistvala,"Blue Mountains, or an Unbelievable Story (1983)",5.0
yvavistvala,Sea of thoughts (2026),5.0
yvavistvala,Subordination (2007),5.0
yvavistvala,Radiohead: In Rainbows - From the Basement (2008),5.0
yvavistvala,Matsi Khvitia (1966),5.0
yvavistvala,Bloodsport (1988),5.0
yvavistvala,Black Mirror: Shut Up and Dance (2016),5.0
yvavistvala,Black Mirror: White Christmas (2014),5.0
yvavistvala,"Love, Death & Robots: Zima Blue (2019)",5.0
yvavistvala,Over the Garden Wall (2014),5.0
yvavistvala,One Flew Over the Cuckoo's Nest (1975),5.0
yvavistvala,It's a Wonderful Life (1946),5.0
yvavistvala,The Thing You Love Most (2008),5.0
yvavistvala,The Other Bank (2009),5.0
yvavistvala,Give me the pump (2010),5.0
yvavistvala,Once in the Middle of the City (2011),5.0
yvavistvala,Klaus (2019),5.0
yvavistvala,Puss in Boots: The Last Wish (2022),5.0
yvavistvala,Pig (2019),5.0
yvavistvala,Black Swan (2010),5.0
yvavistvala,Interstellar (2014),5.0
yvavistvala,Kung Fu Panda (2008),5.0
yvavistvala,Cars (2006),5.0
yvavistvala,The Lord of the Rings: The Two Towers (2002),5.0
yvavistvala,Star Wars: Episode III – Revenge of the Sith (2005),5.0
yvavistvala,The Lord of the Rings: The Return of the King (2003),5.0
yvavistvala,Shrek (2001),5.0
yvavistvala,The Lord of the Rings: The Fellowship of the Ring (2001),5.0
yvavistvala,The Dark Knight (2008),5.0
yvavistvala,American Pie (1999),5.0
yvavistvala,Mulan (1998),5.0
yvavistvala,Eyes Wide Shut (1999),5.0
yvavistvala,Toy Story (1995),5.0
yvavistvala,The Shawshank Redemption (1994),5.0
yvavistvala,The Matrix (1999),5.0
yvavistvala,The Silence of the Lambs (1991),5.0
yvavistvala,Forrest Gump (1994),5.0
yvavistvala,Se7en (1995),5.0
yvavistvala,Fight Club (1999),5.0
yvavistvala,The Empire Strikes Back (1980),5.0
yvavistvala,Star Wars (1977),5.0
yvavistvala,The Godfather (1972),5.0
yvavistvala,Taxi Driver (1976),5.0
yvavistvala,The Usual Suspects (1995),5.0
yvavistvala,Troy (2004),4.5
yvavistvala,Rocky IV (1985),4.5
yvavistvala,Witness for the Prosecution (1957),4.5
yvavistvala,Rope (1948),4.5
yvavistvala,The Lion King (1994),4.5
yvavistvala,Whiplash (2014),4.5
yvavistvala,"Me, Grandma, Iliko and Ilarion (1962)",4.5
yvavistvala,The Eccentrics (1974),4.5
yvavistvala,Repentance (1984),4.5
yvavistvala,American Beauty (1999),4.5
yvavistvala,The Fastest People in the World (1985),4.5
yvavistvala,Léon: The Professional (1994),4.5
yvavistvala,Black Mirror: Black Museum (2017),4.5
yvavistvala,The Prestige (2006),4.5
yvavistvala,Guardians of the Galaxy (2014),4.5
yvavistvala,Spider-Man: Across the Spider-Verse (2023),4.5
yvavistvala,Oppenheimer (2023),4.5
yvavistvala,Inception (2010),4.5
yvavistvala,Spider-Man: Into the Spider-Verse (2018),4.5
yvavistvala,The Machinist (2004),4.5
yvavistvala,Watchmen (2009),4.5
yvavistvala,V for Vendetta (2005),4.5
yvavistvala,Pirates of the Caribbean: The Curse of the Black Pearl (2003),4.5
yvavistvala,Harry Potter and the Half-Blood Prince (2009),4.5
yvavistvala,Lost Highway (1997),4.5
yvavistvala,The Green Mile (1999),4.5
yvavistvala,1917 (2019),4.0
yvavistvala,The Odyssey (2026),4.0
yvavistvala,Ninja Scroll (1993),4.0
yvavistvala,Rear Window (1954),4.0
yvavistvala,Twins (1988),4.0
yvavistvala,The Terminator (1984),4.0
yvavistvala,Over the Top (1987),4.0
yvavistvala,Rocky II (1979),4.0
yvavistvala,Rocky (1976),4.0
yvavistvala,Mad Max: Fury Road (2015),4.0
yvavistvala,Predestination (2014),4.0
yvavistvala,Black Mirror: Joan Is Awful (2023),4.0
yvavistvala,Black Mirror: USS Callister (2017),4.0
yvavistvala,Black Mirror: Crocodile (2017),4.0
yvavistvala,Black Mirror: The Waldo Moment (2013),4.0
yvavistvala,Man of Steel (2013),4.0
yvavistvala,The Life of David Gale (2003),4.0
yvavistvala,Psycho (1960),4.0
yvavistvala,"Love, Death & Robots: Fish Night (2019)",4.0
yvavistvala,"Love, Death & Robots: The Very Pulse of the Machine (2022)",4.0
yvavistvala,How to Train Your Dragon 2 (2014),4.0
yvavistvala,Tenet (2020),4.0
yvavistvala,Kung Fu Panda 4 (2024),4.0
yvavistvala,Kung Fu Panda 3 (2016),4.0
yvavistvala,Shrek the Third (2007),4.0
yvavistvala,Cars 3 (2017),4.0
yvavistvala,Fargo (1996),4.0
yvavistvala,Toy Story 2 (1999),4.0
yvavistvala,Samanishvili's Stepmother (1977),4.0
yvavistvala,Everyone Needs Love (1980),4.0
yvavistvala,Otar's Widow (1957),4.0
yvavistvala,Law of Mountains (1964),4.0
yvavistvala,Tangerines (2013),4.0
yvavistvala,Chrichina (1954),4.0
yvavistvala,Bashi-Achuki (1956),4.0
yvavistvala,Story by the Beggar (1961),4.0
yvavistvala,Khareba and Gogia (1987),4.0
yvavistvala,A Happy Romance (1972),4.0
yvavistvala,Mameluke (1958),4.0
yvavistvala,American Psycho (2000),4.0
yvavistvala,A Tale of Two Sisters (2003),4.0
yvavistvala,Joker (2019),4.0
yvavistvala,12 Angry Men (1957),4.0
yvavistvala,I'm Beso (2014),4.0
yvavistvala,Temo (2019),4.0
yvavistvala,A Clockwork Orange (1971),4.0
yvavistvala,Street Days (2010),4.0
yvavistvala,Grown Ups (2010),4.0
yvavistvala,City Hunter (1993),4.0
yvavistvala,Rush Hour (1998),4.0
yvavistvala,Kickboxer (1989),4.0
yvavistvala,Black Mirror: The Entire History of You (2011),4.0
yvavistvala,Black Mirror: San Junipero (2016),4.0
yvavistvala,Black Mirror: Hated in the Nation (2016),4.0
yvavistvala,Black Mirror: The National Anthem (2011),4.0
yvavistvala,Black Mirror: Fifteen Million Merits (2011),4.0
yvavistvala,Roger Dodger (2002),4.0
yvavistvala,Monster House (2006),4.0
yvavistvala,Idiocracy (2006),4.0
yvavistvala,No Country for Old Men (2007),4.0
yvavistvala,Shrek Forever After (2010),4.0
yvavistvala,John Wick: Chapter 4 (2023),4.0
yvavistvala,The Batman (2022),4.0
yvavistvala,Solo: A Star Wars Story (2018),4.0
yvavistvala,A Bronx Tale (1993),4.0
yvavistvala,The Jacket (2005),4.0
yvavistvala,Eden Lake (2008),4.0
yvavistvala,Deadpool & Wolverine (2024),4.0
yvavistvala,Spider-Man: No Way Home (2021),4.0
yvavistvala,Sausage Party (2016),4.0
yvavistvala,How to Train Your Dragon: The Hidden World (2019),4.0
yvavistvala,El Camino: A Breaking Bad Movie (2019),4.0
yvavistvala,Creed (2015),4.0
yvavistvala,The Hobbit: An Unexpected Journey (2012),4.0
yvavistvala,John Wick: Chapter 3 – Parabellum (2019),4.0
yvavistvala,The Amazing Spider-Man (2012),4.0
yvavistvala,Rogue One: A Star Wars Story (2016),4.0
yvavistvala,How to Train Your Dragon (2010),4.0
yvavistvala,Captain America: The Winter Soldier (2014),4.0
yvavistvala,Harry Potter and the Deathly Hallows: Part 2 (2011),4.0
yvavistvala,The Dark Knight Rises (2012),4.0
yvavistvala,Thor: Ragnarok (2017),4.0
yvavistvala,Dunkirk (2017),4.0
yvavistvala,Avengers: Infinity War (2018),4.0
yvavistvala,Shutter Island (2010),4.0
yvavistvala,The Grand Budapest Hotel (2014),4.0
yvavistvala,The Fast and the Furious: Tokyo Drift (2006),4.0
yvavistvala,The Fast and the Furious (2001),4.0
yvavistvala,The Polar Express (2004),4.0
yvavistvala,Pirates of the Caribbean: At World's End (2007),4.0
yvavistvala,Ice Age (2002),4.0
yvavistvala,How the Grinch Stole Christmas (2000),4.0
yvavistvala,Pirates of the Caribbean: Dead Man's Chest (2006),4.0
yvavistvala,School of Rock (2003),4.0
yvavistvala,Before Sunset (2004),4.0
yvavistvala,Spider-Man 3 (2007),4.0
yvavistvala,Star Wars: Episode II – Attack of the Clones (2002),4.0
yvavistvala,The Hangover (2009),4.0
yvavistvala,The Pianist (2002),4.0
yvavistvala,Harry Potter and the Order of the Phoenix (2007),4.0
yvavistvala,Harry Potter and the Chamber of Secrets (2002),4.0
yvavistvala,Gladiator (2000),4.0
yvavistvala,Memento (2000),4.0
yvavistvala,Spider-Man (2002),4.0
yvavistvala,Eternal Sunshine of the Spotless Mind (2004),4.0
yvavistvala,Harry Potter and the Prisoner of Azkaban (2004),4.0
yvavistvala,(500) Days of Summer (2009),4.0
yvavistvala,The Last of the Mohicans (1992),4.0
yvavistvala,Die Hard 2 (1990),4.0
yvavistvala,"Lock, Stock and Two Smoking Barrels (1998)",4.0
yvavistvala,Primal Fear (1996),4.0
yvavistvala,Tarzan (1999),4.0
yvavistvala,Interview with the Vampire (1994),4.0
yvavistvala,Men in Black (1997),4.0
yvavistvala,American History X (1998),4.0
yvavistvala,Terminator 2: Judgment Day (1991),4.0
yvavistvala,Trainspotting (1996),4.0
yvavistvala,Saving Private Ryan (1998),4.0
yvavistvala,Star Wars: Episode I – The Phantom Menace (1999),4.0
yvavistvala,Home Alone (1990),4.0
yvavistvala,GoodFellas (1990),4.0
yvavistvala,Good Will Hunting (1997),4.0
yvavistvala,Pulp Fiction (1994),4.0
yvavistvala,The Truman Show (1998),4.0
yvavistvala,Return of the Jedi (1983),4.0
yvavistvala,The Thing (1982),4.0
yvavistvala,Dead Poets Society (1989),4.0
yvavistvala,The Godfather Part II (1974),4.0
yvavistvala,K-PAX (2001),4.0
yvavistvala,Spider-Man: Brand New Day (2026),3.5
yvavistvala,Batman Begins (2005),3.5
yvavistvala,Insomnia (2002),3.5
yvavistvala,Predator (1987),3.5
yvavistvala,Rambo: First Blood Part II (1985),3.5
yvavistvala,First Blood (1982),3.5
yvavistvala,Rocky III (1982),3.5
yvavistvala,Batman v Superman: Dawn of Justice (2016),3.5
yvavistvala,The Chronicles of Narnia: Prince Caspian (2008),3.5
yvavistvala,Kingdom of Heaven (2005),3.5
yvavistvala,La La Land (2016),3.5
yvavistvala,Chari-Rama (1972),3.5
yvavistvala,Night at the Museum (2006),3.5
yvavistvala,Kukaracha (1982),3.5
yvavistvala,White Chicks (2004),3.5
yvavistvala,Carlito's Way (1993),3.5
yvavistvala,Rush Hour 3 (2007),3.5
yvavistvala,Rush Hour 2 (2001),3.5
yvavistvala,The Karate Kid (2010),3.5
yvavistvala,Black Mirror: Playtest (2016),3.5
yvavistvala,Black Mirror: Hang the DJ (2017),3.5
yvavistvala,Black Mirror: White Bear (2013),3.5
yvavistvala,Black Mirror: Nosedive (2016),3.5
yvavistvala,The Social Network (2010),3.5
yvavistvala,The Smurfs 2 (2013),3.5
yvavistvala,Spider-Man: Homecoming (2017),3.5
yvavistvala,Doctor Strange in the Multiverse of Madness (2022),3.5
yvavistvala,Puss in Boots (2011),3.5
yvavistvala,The Hangover Part II (2011),3.5
yvavistvala,Kung Fu Panda 2 (2011),3.5
yvavistvala,The Hobbit: The Battle of the Five Armies (2014),3.5
yvavistvala,Cars 2 (2011),3.5
yvavistvala,The Hobbit: The Desolation of Smaug (2013),3.5
yvavistvala,Avengers: Age of Ultron (2015),3.5
yvavistvala,John Wick (2014),3.5
yvavistvala,Spider-Man: Far From Home (2019),3.5
yvavistvala,Deadpool (2016),3.5
yvavistvala,The Hunger Games (2012),3.5
yvavistvala,Avengers: Endgame (2019),3.5
yvavistvala,Bruce Almighty (2003),3.5
yvavistvala,2 Fast 2 Furious (2003),3.5
yvavistvala,Bridge to Terabithia (2007),3.5
yvavistvala,X-Men (2000),3.5
yvavistvala,"The Chronicles of Narnia: The Lion, the Witch and the Wardrobe (2005)",3.5
yvavistvala,Casino Royale (2006),3.5
yvavistvala,Zombieland (2009),3.5
yvavistvala,Spider-Man 2 (2004),3.5
yvavistvala,Iron Man (2008),3.5
yvavistvala,Harry Potter and the Goblet of Fire (2005),3.5
yvavistvala,Avatar (2009),3.5
yvavistvala,Die Hard With a Vengeance (1995),3.5
yvavistvala,Ace Ventura: Pet Detective (1994),3.5
yvavistvala,The Mummy (1999),3.5
yvavistvala,The Fifth Element (1997),3.5
yvavistvala,Jumanji (1995),3.5
yvavistvala,Before Sunrise (1995),3.5
yvavistvala,Die Hard (1988),3.5
yvavistvala,Inglourious Basterds (2009),3.5
yvavistvala,Terminator 3: Rise of the Machines (2003),3.0
yvavistvala,Universal Soldier (1992),3.0
yvavistvala,Aquaman (2018),3.0
yvavistvala,Rambo III (1988),3.0
yvavistvala,Black Mirror: Loch Henry (2023),3.0
yvavistvala,Zack Snyder's Justice League (2021),3.0
yvavistvala,The Chronicles of Narnia: The Voyage of the Dawn Treader (2010),3.0
yvavistvala,Primer (2004),3.0
yvavistvala,Manana (1958),3.0
yvavistvala,Is That a Man? (1979),3.0
yvavistvala,300 (2006),3.0
yvavistvala,Lolita (1997),3.0
yvavistvala,The Italian Job (2003),3.0
yvavistvala,Legionnaire (1998),3.0
yvavistvala,Double Impact (1991),3.0
yvavistvala,Universal Soldier: Day of Reckoning (2012),3.0
yvavistvala,Black Mirror: Men Against Fire (2016),3.0
yvavistvala,Ip Man 2 (2010),3.0
yvavistvala,Hercules (2014),3.0
yvavistvala,Ip Man 3 (2015),3.0
yvavistvala,The Queen's Gambit (2020),3.0
yvavistvala,The Jungle Book (2016),3.0
yvavistvala,Creed II (2018),3.0
yvavistvala,The Hangover Part III (2013),3.0
yvavistvala,Maze Runner: The Death Cure (2018),3.0
yvavistvala,Pirates of the Caribbean: Dead Men Tell No Tales (2017),3.0
yvavistvala,Murder on the Orient Express (2017),3.0
yvavistvala,Pirates of the Caribbean: On Stranger Tides (2011),3.0
yvavistvala,Project X (2012),3.0
yvavistvala,Before Midnight (2013),3.0
yvavistvala,Pitch Perfect (2012),3.0
yvavistvala,Sound of Metal (2019),3.0
yvavistvala,Doctor Strange (2016),3.0
yvavistvala,Captain America: Civil War (2016),3.0
yvavistvala,The Avengers (2012),3.0
yvavistvala,Black Panther (2018),3.0
yvavistvala,Scary Movie (2000),3.0
yvavistvala,The Incredible Hulk (2008),3.0
yvavistvala,Mr. & Mrs. Smith (2005),3.0
yvavistvala,Harry Potter and the Philosopher's Stone (2001),3.0
yvavistvala,Bad Boys (1995),3.0
yvavistvala,Dumb and Dumber (1994),3.0
yvavistvala,The Mask (1994),3.0
yvavistvala,Home Alone 2: Lost in New York (1992),3.0
yvavistvala,Friday the 13th (1980),3.0
yvavistvala,Terminator Salvation (2009),2.5
yvavistvala,The Expendables 3 (2014),2.5
yvavistvala,The Expendables 2 (2012),2.5
yvavistvala,The Expendables (2010),2.5
yvavistvala,Rambo: Last Blood (2019),2.5
yvavistvala,Mr. Nanny (2013),2.5
yvavistvala,The Lion King (2019),2.5
yvavistvala,10 Things I Hate About You (1999),2.5
yvavistvala,ნუ მიეყრდნობით - ჩვენი სიმღერა (2024),2.5
yvavistvala,Thor: The Dark World (2013),2.5
yvavistvala,The Maze Runner (2014),2.5
yvavistvala,Jumanji: Welcome to the Jungle (2017),2.5
yvavistvala,Venom (2018),2.5
yvavistvala,Jumanji: The Next Level (2019),2.5
yvavistvala,Fantastic Beasts and Where to Find Them (2016),2.5
yvavistvala,Iron Man 3 (2013),2.5
yvavistvala,Iron Man 2 (2010),2.5
yvavistvala,Scream 3 (2000),2.5
yvavistvala,The Notebook (2004),2.5
yvavistvala,Scream 2 (1997),2.5
yvavistvala,Scream (1996),2.5
yvavistvala,21 (2008),2.5
yvavistvala,Spy Kids 3-D: Game Over (2003),2.0
yvavistvala,Black Mirror: Striking Vipers (2019),2.0
yvavistvala,Black Mirror: Metalhead (2017),2.0
yvavistvala,The Train Went on and on (2005),2.0
yvavistvala,Prince of Persia: The Sands of Time (2010),2.0
yvavistvala,Annabelle (2014),2.0
yvavistvala,Star Wars: The Force Awakens (2015),2.0
yvavistvala,Fifty Shades of Grey (2015),2.0
yvavistvala,Star Wars: The Rise of Skywalker (2019),2.0
yvavistvala,Thor (2011),2.0
yvavistvala,Star Wars: The Last Jedi (2017),1.5
yvavistvala,Assassin's Creed (2016),1.0
yvavistvala,Black Mirror: Mazey Day (2023),1.0
yvavistvala,My Wife's Friend's Wedding (2012),1.0
yvavistvala,Naughty Kids: Operation New Year (2012),0.5
yvavistvala,Black Mirror: Common People (2025),Unrated
yvavistvala,Black Mirror: Be Right Back (2013),Unrated
yvavistvala,Black Mirror: Arkangel (2017),Unrated
yvavistvala,"Black Mirror: Rachel, Jack and Ashley Too (2019)",Unrated
yvavistvala,Black Mirror: Bandersnatch (2018),Unrated
n1ckkk7,Drive (2011),5.0
n1ckkk7,Lady and the Tramp (1955),5.0
n1ckkk7,Clue (1985),5.0
n1ckkk7,Rope (1948),5.0
n1ckkk7,Michael (2026),5.0
n1ckkk7,How to Steal a Million (1966),5.0
n1ckkk7,A Matter of Life and Death (1946),5.0
n1ckkk7,Last Days (2005),5.0
n1ckkk7,8 Mile (2002),5.0
n1ckkk7,After Hours (1985),5.0
n1ckkk7,Some Like It Hot (1959),5.0
n1ckkk7,Black Mirror: White Christmas (2014),5.0
n1ckkk7,Black Mirror: Loch Henry (2023),5.0
n1ckkk7,Black Mirror: Hang the DJ (2017),5.0
n1ckkk7,Black Mirror: Fifteen Million Merits (2011),5.0
n1ckkk7,Black Mirror: White Bear (2013),5.0
n1ckkk7,Black Mirror: Black Museum (2017),5.0
n1ckkk7,Black Mirror: The Waldo Moment (2013),5.0
n1ckkk7,Black Mirror: Crocodile (2017),5.0
n1ckkk7,The Book of Life (2014),5.0
n1ckkk7,Cool Kids Don't Cry (2012),5.0
n1ckkk7,Grown Ups (2010),5.0
n1ckkk7,The Fifth Element (1997),5.0
n1ckkk7,Bridge to Terabithia (2007),5.0
n1ckkk7,The Wolf of Wall Street (2013),5.0
n1ckkk7,Death Note (2006),5.0
n1ckkk7,Spirited Away (2001),5.0
n1ckkk7,Rush Hour (1998),5.0
n1ckkk7,The Truman Show (1998),5.0
n1ckkk7,The Mask (1994),5.0
n1ckkk7,Home Alone 2: Lost in New York (1992),5.0
n1ckkk7,Home Alone (1990),5.0
n1ckkk7,13 Going on 30 (2004),5.0
n1ckkk7,The Notebook (2004),5.0
n1ckkk7,27 Dresses (2008),5.0
n1ckkk7,Sabrina (1954),5.0
n1ckkk7,Forgotten (2017),5.0
n1ckkk7,Roman Holiday (1953),5.0
n1ckkk7,The Pianist (2002),5.0
n1ckkk7,Kill Bill: Vol. 2 (2004),5.0
n1ckkk7,A Clockwork Orange (1971),5.0
n1ckkk7,Eyes Wide Shut (1999),5.0
n1ckkk7,How to Lose a Guy in 10 Days (2003),5.0
n1ckkk7,Obsession (2025),4.5
n1ckkk7,GoodFellas (1990),4.5
n1ckkk7,The Princess Bride (1987),4.5
n1ckkk7,Black Mirror: Shut Up and Dance (2016),4.5
n1ckkk7,Black Mirror: Smithereens (2019),4.5
n1ckkk7,Enola Holmes 2 (2022),4.5
n1ckkk7,Home Alone 3 (1997),4.5
n1ckkk7,Good Will Hunting (1997),4.5
n1ckkk7,Léon: The Professional (1994),4.5
n1ckkk7,10 Things I Hate About You (1999),4.5
n1ckkk7,The Apartment (1960),4.5
n1ckkk7,About Time (2013),4.5
n1ckkk7,Blue Valentine (2010),4.0
n1ckkk7,I Know What You Did Last Summer (1997),4.0
n1ckkk7,Dirty Dancing (1987),4.0
n1ckkk7,Elvis (2022),4.0
n1ckkk7,Full Metal Jacket (1987),4.0
n1ckkk7,Black Mirror: Nosedive (2016),4.0
n1ckkk7,Black Mirror: USS Callister (2017),4.0
n1ckkk7,Black Mirror: Demon 79 (2023),4.0
n1ckkk7,Black Mirror: Be Right Back (2013),4.0
n1ckkk7,Black Mirror: Playtest (2016),4.0
n1ckkk7,Black Mirror: Arkangel (2017),4.0
n1ckkk7,The Shallows (2016),4.0
n1ckkk7,Mr. & Mrs. Smith (2005),4.0
n1ckkk7,Napoleon (2023),4.0
n1ckkk7,Tokyo Revengers (2021),4.0
n1ckkk7,Bohemian Rhapsody (2018),4.0
n1ckkk7,(500) Days of Summer (2009),4.0
n1ckkk7,Oldboy (2003),4.0
n1ckkk7,The Sixth Sense (1999),4.0
n1ckkk7,Barry Lyndon (1975),4.0
n1ckkk7,Rear Window (1954),4.0
n1ckkk7,It's a Wonderful Life (1946),4.0
n1ckkk7,Wuthering Heights (2026),4.0
n1ckkk7,The Thing (1982),4.0
n1ckkk7,Shutter Island (2010),4.0
n1ckkk7,The Seventh Seal (1957),3.5
n1ckkk7,The Seven Year Itch (1955),3.5
n1ckkk7,Two for the Road (1967),3.5
n1ckkk7,The Aristocats (1970),3.5
n1ckkk7,Love at Sea (1965),3.5
n1ckkk7,The Drama (2026),3.5
n1ckkk7,Breathless (1960),3.5
n1ckkk7,Black Mirror: Striking Vipers (2019),3.5
n1ckkk7,Black Mirror: The National Anthem (2011),3.5
n1ckkk7,Black Mirror: Mazey Day (2023),3.5
n1ckkk7,"Black Mirror: Rachel, Jack and Ashley Too (2019)",3.5
n1ckkk7,Black Mirror: Hated in the Nation (2016),3.5
n1ckkk7,Free Guy (2021),3.5
n1ckkk7,It Chapter Two (2019),3.5
n1ckkk7,Smile 2 (2024),3.5
n1ckkk7,The Conjuring: Last Rites (2025),3.5
n1ckkk7,The Proposal (2009),3.5
n1ckkk7,Final Destination Bloodlines (2025),3.5
n1ckkk7,The Karate Kid (2010),3.5
n1ckkk7,Meet Joe Black (1998),3.5
n1ckkk7,Se7en (1995),3.5
n1ckkk7,Dumb and Dumber (1994),3.5
n1ckkk7,Notting Hill (1999),3.5
n1ckkk7,Laura (1944),3.5
n1ckkk7,Watching the Detectives (2007),3.5
n1ckkk7,Stand by Me (1986),3.5
n1ckkk7,Kill Bill: Vol. 1 (2003),3.5
n1ckkk7,Jeepers Creepers (2001),3.0
n1ckkk7,Gattaca (1997),3.0
n1ckkk7,Love in the Afternoon (1957),3.0
n1ckkk7,Black Mirror: Beyond the Sea (2023),3.0
n1ckkk7,Black Mirror: Metalhead (2017),3.0
n1ckkk7,Black Mirror: Men Against Fire (2016),3.0
n1ckkk7,Flipped (2010),3.0
n1ckkk7,La La Land (2016),3.0
n1ckkk7,Scream VI (2023),3.0
n1ckkk7,The Conjuring (2013),3.0
n1ckkk7,Sinister (2012),3.0
n1ckkk7,Mysterious Skin (2004),3.0
n1ckkk7,EuroTrip (2004),3.0
n1ckkk7,Before Sunrise (1995),3.0
n1ckkk7,The Shining (1980),3.0
n1ckkk7,Fight Club (1999),3.0
n1ckkk7,Mystic Pizza (1988),3.0
n1ckkk7,My Best Friend's Wedding (1997),3.0
n1ckkk7,The Hunt (2012),3.0
n1ckkk7,Saw (2004),3.0
n1ckkk7,When Harry Met Sally... (1989),3.0
n1ckkk7,Companion (2025),3.0
n1ckkk7,Whiplash (2014),3.0
n1ckkk7,Letters to Juliet (2010),2.5
n1ckkk7,Lady and the Tramp II: Scamp's Adventure (2001),2.5
n1ckkk7,Anatomy of a Murder (1959),2.5
n1ckkk7,Little Miss Sunshine (2006),2.5
n1ckkk7,The Perks of Being a Wallflower (2012),2.5
n1ckkk7,Taxi Driver (1976),2.5
n1ckkk7,Black Mirror: The Entire History of You (2011),2.5
n1ckkk7,Wonka (2023),2.5
n1ckkk7,Tarot (2024),2.5
n1ckkk7,Megan Is Missing (2011),2.5
n1ckkk7,Casablanca (1942),2.5
n1ckkk7,Black Mirror: San Junipero (2016),2.0
n1ckkk7,Black Mirror: Joan Is Awful (2023),2.0
n1ckkk7,The Kissing Booth 3 (2021),2.0
n1ckkk7,The Nun (2018),2.0
n1ckkk7,Annabelle (2014),2.0
n1ckkk7,American Psycho (2000),2.0
n1ckkk7,The Girl Next Door (2004),2.0
n1ckkk7,Goodnight Mommy (2014),2.0
n1ckkk7,Annihilation (2018),1.5
n1ckkk7,12 Angry Men (1957),1.0
elene888,Harry Potter and the Deathly Hallows: Part 1 (2010),5.0
elene888,Harry Potter and the Deathly Hallows: Part 2 (2011),5.0
elene888,Harry Potter and the Goblet of Fire (2005),5.0
elene888,The Passion of Joan of Arc (1928),5.0
elene888,After Life (1998),5.0
elene888,School of Rock (2003),5.0
elene888,Barbie: Princess Charm School (2011),5.0
elene888,My Wife's Friend's Wedding (2012),5.0
elene888,Cloudy with a Chance of Meatballs 2 (2013),5.0
elene888,Samurai Champloo (2004),5.0
elene888,Banana Fish (2018),5.0
elene888,JoJo's Bizarre Adventure: Phantom Blood (2007),5.0
elene888,The Holdovers (2023),5.0
elene888,It's a Wonderful Life (1946),5.0
elene888,The Darjeeling Limited (2007),5.0
elene888,Society of the Snow (2023),5.0
elene888,Hiroshima Mon Amour (1959),5.0
elene888,Mameluke (1958),5.0
elene888,Phantom Thread (2017),5.0
elene888,Blue Velvet (1986),5.0
elene888,The Legend of Suram Fortress (1985),5.0
elene888,Lost Paradise (1937),5.0
elene888,April (1961),5.0
elene888,Wendy and Lucy (2008),5.0
elene888,Yi Yi (2000),5.0
elene888,Cars (2006),5.0
elene888,Salt for Svanetia (1930),5.0
elene888,Alaverdoba (1962),5.0
elene888,Shrek (2001),5.0
elene888,Radiohead: In Rainbows - From the Basement (2008),5.0
elene888,The Girl from SLIDE (2009),5.0
elene888,Out-Takes from the Life of a Happy Man (2012),5.0
elene888,მსუნაგები (2016),5.0
elene888,El Sur (1983),5.0
elene888,Children of Men (2006),5.0
elene888,The Shop Around the Corner (1940),5.0
elene888,Everyone Needs Love (1980),5.0
elene888,Cowboy Bebop (1998),5.0
elene888,Death Note (2006),5.0
elene888,Fullmetal Alchemist: Brotherhood (2009),5.0
elene888,I Am Cuba (1964),5.0
elene888,The Lives of Others (2006),5.0
elene888,Taxi Driver (1976),5.0
elene888,Amadeus (1984),5.0
elene888,Nights of Cabiria (1957),5.0
elene888,Vinland Saga (2019),5.0
elene888,Sapovnela (1959),5.0
elene888,Perfect Days (2023),5.0
elene888,The Hangover (2009),5.0
elene888,Watermelon (1974),5.0
elene888,Good Will Hunting (1997),5.0
elene888,Cinema Paradiso (1988),5.0
elene888,The Elephant Man (1980),5.0
elene888,Dinner in America (2020),5.0
elene888,"Racha, My Love (1977)",5.0
elene888,ნუ მიეყრდნობით - ჩვენი სიმღერა (2024),5.0
elene888,Blue Giant (2023),5.0
elene888,Lilya 4-ever (2002),5.0
elene888,The Shawshank Redemption (1994),5.0
elene888,Incendies (2010),5.0
elene888,Sizmara (1983),5.0
elene888,Kill Bill: Vol. 1 (2003),5.0
elene888,Inglourious Basterds (2009),5.0
elene888,The Seventh Seal (1957),5.0
elene888,Taste of Cherry (1997),5.0
elene888,The Godfather (1972),5.0
elene888,The Truman Show (1998),5.0
elene888,Star Wars: Episode II – Attack of the Clones (2002),5.0
elene888,The Hobbit: An Unexpected Journey (2012),5.0
elene888,Whiplash (2014),5.0
elene888,Somebody Else's Children (1958),5.0
elene888,"Me, Grandma, Iliko and Ilarion (1962)",5.0
elene888,12 Angry Men (1957),5.0
elene888,Home Alone (1990),5.0
elene888,Close-Up (1990),5.0
elene888,The Best Offer (2013),5.0
elene888,Nightcrawler (2014),5.0
elene888,The Lord of the Rings: The Return of the King (2003),5.0
elene888,The Lord of the Rings: The Fellowship of the Ring (2001),5.0
elene888,Grave of the Fireflies (1988),5.0
elene888,Star Wars: Episode III – Revenge of the Sith (2005),5.0
elene888,Shrek 2 (2004),5.0
elene888,The Lighthouse (2019),5.0
elene888,Star Wars (1977),5.0
elene888,Memento (2000),5.0
elene888,The Lord of the Rings: The Two Towers (2002),5.0
elene888,Prisoners (2013),5.0
elene888,Interstellar (2014),5.0
elene888,The Fastest People in the World (1985),5.0
elene888,Stalker (1979),5.0
elene888,Imeretian Sketches (1979),5.0
elene888,Roots (1987),5.0
elene888,Sun of the Sleepless (1992),5.0
elene888,Repentance (1984),5.0
elene888,Babylon (2022),4.5
elene888,The Departed (2006),4.5
elene888,Phone Booth (2002),4.5
elene888,Vanilla Sky (2001),4.5
elene888,Project Hail Mary (2026),4.5
elene888,Mad Max: Fury Road (2015),4.5
elene888,The Lobster (2015),4.5
elene888,Hamnet (2025),4.5
elene888,Train Dreams (2025),4.5
elene888,Biutiful (2010),4.5
elene888,It Was Just an Accident (2025),4.5
elene888,Chiora (1984),4.5
elene888,Kiss Kiss Bang Bang (2005),4.5
elene888,Stand by Me (1986),4.5
elene888,Wake Up Dead Man (2025),4.5
elene888,Four Nights of a Dreamer (1971),4.5
elene888,Mulholland Drive (2001),4.5
elene888,The Girl with the Dragon Tattoo (2011),4.5
elene888,Tangerine (2015),4.5
elene888,The Young Pope (2016),4.5
elene888,Nobody Knows (2004),4.5
elene888,The Summit of the Gods (2021),4.5
elene888,Canoa: A Shameful Memory (1975),4.5
elene888,The 400 Blows (1959),4.5
elene888,Nostalgia for the Light (2010),4.5
elene888,Dancer in the Dark (2000),4.5
elene888,Rear Window (1954),4.5
elene888,The Day of the Jackal (2024),4.5
elene888,Naked (1993),4.5
elene888,A Real Pain (2024),4.5
elene888,Another Round (2020),4.5
elene888,A Wedding of Jays (1958),4.5
elene888,American History X (1998),4.5
elene888,Roma (2018),4.5
elene888,The Shining (1980),4.5
elene888,The Dark Knight (2008),4.5
elene888,La Strada (1954),4.5
elene888,City of God (2002),4.5
elene888,Street Days (2010),4.5
elene888,Come and See (1985),4.5
elene888,"Paris, Texas (1984)",4.5
elene888,Ford v Ferrari (2019),4.5
elene888,Dune: Part Two (2024),4.5
elene888,Aftersun (2022),4.5
elene888,"Life, and Nothing More… (1992)",4.5
elene888,Little Miss Sunshine (2006),4.5
elene888,Sound of Metal (2019),4.5
elene888,The Hunt (2012),4.5
elene888,The Celebration (1998),4.5
elene888,The Silence of the Lambs (1991),4.5
elene888,Father of a Soldier (1965),4.5
elene888,A Separation (2011),4.5
elene888,Black Mirror: White Christmas (2014),4.5
elene888,Black Mirror: Shut Up and Dance (2016),4.5
elene888,First Swallow (1975),4.5
elene888,Dead Poets Society (1989),4.5
elene888,Se7en (1995),4.5
elene888,Star Wars: Episode I – The Phantom Menace (1999),4.5
elene888,Shutter Island (2010),4.5
elene888,The Hobbit: The Desolation of Smaug (2013),4.5
elene888,The Grand Budapest Hotel (2014),4.5
elene888,The Hobbit: The Battle of the Five Armies (2014),4.5
elene888,Parasite (2019),4.5
elene888,The Menu (2022),4.5
elene888,Black Swan (2010),4.5
elene888,2001: A Space Odyssey (1968),4.5
elene888,Memories of Murder (2003),4.5
elene888,Zodiac (2007),4.5
elene888,Inception (2010),4.5
elene888,The Killing of a Sacred Deer (2017),4.5
elene888,It's Such a Beautiful Day (2012),4.5
elene888,Requiem for a Dream (2000),4.5
elene888,Manchester by the Sea (2016),4.5
elene888,Primal Fear (1996),4.5
elene888,Fargo (1996),4.0
elene888,Demon Slayer -Kimetsu no Yaiba- The Movie: Mugen Train (2020),4.0
elene888,The Color of Pomegranates (1969),4.0
elene888,Office Space (1999),4.0
elene888,The Odyssey (2026),4.0
elene888,JUJUTSU KAISEN (2020),4.0
elene888,Mysterious Skin (2004),4.0
elene888,I Origins (2014),4.0
elene888,The Royal Tenenbaums (2001),4.0
elene888,The Iron Claw (2023),4.0
elene888,Carlito's Way (1993),4.0
elene888,Harry Potter and the Half-Blood Prince (2009),4.0
elene888,Harry Potter and the Order of the Phoenix (2007),4.0
elene888,Harry Potter and the Prisoner of Azkaban (2004),4.0
elene888,TÁR (2022),4.0
elene888,Full Metal Jacket (1987),4.0
elene888,Paprika (2006),4.0
elene888,The Glory (2022),4.0
elene888,I Swear (2025),4.0
elene888,Vertigo (1958),4.0
elene888,North by Northwest (1959),4.0
elene888,The Hateful Eight (2015),4.0
elene888,Django Unchained (2012),4.0
elene888,License to Live (1998),4.0
elene888,The Runner (1984),4.0
elene888,A Moment of Innocence (1996),4.0
elene888,All of Us Strangers (2023),4.0
elene888,Pieta (2012),4.0
elene888,Columbus (2017),4.0
elene888,The Music Box (1932),4.0
elene888,Baraka (1992),4.0
elene888,In Bruges (2008),4.0
elene888,Marty Supreme (2025),4.0
elene888,District B13 (2004),4.0
elene888,Baby's Day Out (1994),4.0
elene888,Berserk (1997),4.0
elene888,Shrek the Third (2007),4.0
elene888,The Little Prince (2015),4.0
elene888,Hit the Road (2021),4.0
elene888,Lars and the Real Girl (2007),4.0
elene888,Stuart: A Life Backwards (2007),4.0
elene888,My Happy Family (2017),4.0
elene888,The Worst Person in the World (2021),4.0
elene888,"Oslo, August 31st (2011)",4.0
elene888,Reprise (2006),4.0
elene888,Knives Out (2019),4.0
elene888,I See the Sun (1965),4.0
elene888,Young One From Sabudara (1958),4.0
elene888,Shiva Baby (2020),4.0
elene888,The Straight Story (1999),4.0
elene888,A Short Film About Love (1988),4.0
elene888,Birdman or (The Unexpected Virtue of Ignorance) (2014),4.0
elene888,Pride & Prejudice (2005),4.0
elene888,Bugonia (2025),4.0
elene888,Eraserhead (1977),4.0
elene888,Theorem (1968),4.0
elene888,The Nylon Christmas Tree (1985),4.0
elene888,Changeling (2008),4.0
elene888,One Battle After Another (2025),4.0
elene888,Brokeback Mountain (2005),4.0
elene888,The Piano Teacher (2001),4.0
elene888,Caché (2005),4.0
elene888,There Will Be Blood (2007),4.0
elene888,Point Break (1991),4.0
elene888,Three Colours: Blue (1993),4.0
elene888,Better Days (2019),4.0
elene888,Fight Club (1999),4.0
elene888,mother! (2017),4.0
elene888,"I, Daniel Blake (2016)",4.0
elene888,Un Chien Andalou (1929),4.0
elene888,Happy Kuchkhi (1978),4.0
elene888,Return of the Jedi (1983),4.0
elene888,The Empire Strikes Back (1980),4.0
elene888,Kung Fu Panda (2008),4.0
elene888,The Martian (2015),4.0
elene888,Castle in the Sky (1986),4.0
elene888,The House Is Black (1963),4.0
elene888,Neon Genesis Evangelion (1995),4.0
elene888,Adolescence (2025),4.0
elene888,In the Mood for Love (2000),4.0
elene888,Svani (2007),4.0
elene888,When Marnie Was There (2014),4.0
elene888,Past Lives (2023),4.0
elene888,The Nice Guys (2016),4.0
elene888,I Want to Eat Your Pancreas (2018),4.0
elene888,Saving Private Ryan (1998),4.0
elene888,mid90s (2018),4.0
elene888,Everybody Rides the Carousel (1976),4.0
elene888,Meshes of the Afternoon (1943),4.0
elene888,Shadows in Paradise (1986),4.0
elene888,Umbrella (1966),4.0
elene888,In the Darkness of Time (2002),4.0
elene888,Batman Begins (2005),4.0
elene888,A Bronx Tale (1993),4.0
elene888,Talking Heads (1980),4.0
elene888,Demon Slayer: Kimetsu no Yaiba (2019),4.0
elene888,La Jetée (1962),4.0
elene888,The Double Life of Véronique (1991),4.0
elene888,Fallen Leaves (2023),4.0
elene888,The Usual Suspects (1995),4.0
elene888,Contact (1997),4.0
elene888,Conclave (2024),4.0
elene888,Forrest Gump (1994),4.0
elene888,How to Lose a Guy in 10 Days (2003),4.0
elene888,13 Going on 30 (2004),4.0
elene888,White Chicks (2004),4.0
elene888,Howl's Moving Castle (2004),4.0
elene888,3-Iron (2004),4.0
elene888,Grown Ups (2010),4.0
elene888,Hope (2013),4.0
elene888,My World (2013),4.0
elene888,The Amazing Spider-Man 2 (2014),4.0
elene888,Zootopia (2016),4.0
elene888,Avengers: Endgame (2019),4.0
elene888,The Father (2020),4.0
elene888,The Cranes Are Flying (1957),4.0
elene888,Persona (1966),4.0
elene888,Autumn Sonata (1978),4.0
elene888,Pas de Deux (1968),4.0
elene888,Malena (2000),4.0
elene888,The Stoning of Soraya M. (2008),4.0
elene888,Coraline (2009),4.0
elene888,The Amazing Spider-Man (2012),4.0
elene888,The Dark Knight Rises (2012),4.0
elene888,The Human Voice (2020),4.0
elene888,"Spring, Summer, Fall, Winter... and Spring (2003)",4.0
elene888,The Long Goodbye (1973),4.0
elene888,Juno (2007),4.0
elene888,When Harry Met Sally... (1989),4.0
elene888,Dìdi (弟弟) (2024),4.0
elene888,Dead Man Walking (1995),4.0
elene888,The Proposal (2009),4.0
elene888,Chungking Express (1994),4.0
elene888,Zombieland (2009),4.0
elene888,Scott Pilgrim vs. the World (2010),4.0
elene888,Matilda (1996),4.0
elene888,Donnie Darko (2001),4.0
elene888,Rushmore (1998),4.0
elene888,A Clockwork Orange (1971),4.0
elene888,Eyes Wide Shut (1999),4.0
elene888,Moonrise Kingdom (2012),4.0
elene888,Funny Games (1997),4.0
elene888,Uptown Girls (2003),4.0
elene888,Oldboy (2003),4.0
elene888,Isle of Dogs (2018),4.0
elene888,Close (2022),4.0
elene888,Dune (2021),4.0
elene888,Mother (2009),4.0
elene888,The Imitation Game (2014),4.0
elene888,The Social Network (2010),4.0
elene888,The Green Mile (1999),4.0
elene888,Kill Bill: Vol. 2 (2004),4.0
elene888,Legally Blonde (2001),4.0
elene888,The Sixth Sense (1999),4.0
elene888,Like Stars on Earth (2007),4.0
elene888,Psycho (1960),4.0
elene888,Train to Busan (2016),4.0
elene888,Snatch (2000),4.0
elene888,Taken (2008),4.0
elene888,Where Is the Friend's House? (1987),4.0
elene888,Kukaracha (1982),4.0
elene888,Son-in-law without Diploma (1961),4.0
elene888,Wine Thieves (1975),4.0
elene888,The Vanishing (1988),4.0
elene888,The Queen's Gambit (2020),4.0
elene888,The Game (1997),4.0
elene888,Paddington (2014),4.0
elene888,Mrs. Doubtfire (1993),4.0
elene888,Silenced (2011),4.0
elene888,Black Mirror: Hang the DJ (2017),4.0
elene888,Black Mirror: The National Anthem (2011),4.0
elene888,Black Mirror: White Bear (2013),4.0
elene888,What's Eating Gilbert Grape (1993),4.0
elene888,Rush Hour (1998),4.0
elene888,The Pianist (2002),4.0
elene888,Eternal Sunshine of the Spotless Mind (2004),4.0
elene888,The Devil Wears Prada (2006),4.0
elene888,No Country for Old Men (2007),4.0
elene888,CJ7 (2008),4.0
elene888,Up (2009),4.0
elene888,Megamind (2010),4.0
elene888,Drive (2011),4.0
elene888,Mr. Popper's Penguins (2011),4.0
elene888,Star Wars: The Force Awakens (2015),4.0
elene888,Sherlock: The Abominable Bride (2016),4.0
elene888,Blade Runner 2049 (2017),4.0
elene888,Joker (2019),4.0
elene888,Jojo Rabbit (2019),4.0
elene888,Miracle in Cell No. 7 (2019),4.0
elene888,Fresh (2022),4.0
elene888,The Batman (2022),4.0
elene888,Moon Knight (2022),4.0
elene888,"Love, Death & Robots: Three Robots: Exit Strategies (2022)",4.0
elene888,Buffalo '66 (1998),4.0
elene888,Detachment (2011),4.0
elene888,The Wishing Tree (1976),4.0
elene888,Catch Me If You Can (2002),4.0
elene888,Patrick Melrose (2018),4.0
elene888,Flipped (2010),4.0
elene888,The Prestige (2006),4.0
elene888,Brothers (2009),4.0
elene888,Sleepers (1996),4.0
elene888,Spirited Away (2001),4.0
elene888,The Butterfly Effect (2004),4.0
elene888,Midsommar (2019),4.0
elene888,Demolition (2015),4.0
elene888,The Artist (2011),4.0
elene888,Green Book (2018),4.0
elene888,WALL·E (2008),4.0
elene888,Trainspotting (1996),4.0
elene888,The Witch (2015),4.0
elene888,Fantastic Mr. Fox (2009),4.0
elene888,Okja (2017),4.0
elene888,Mirror (1975),3.5
elene888,Carrie (1976),3.5
elene888,Spider-Man: Brand New Day (2026),3.5
elene888,Slumdog Millionaire (2008),3.5
elene888,Bottle Rocket (1996),3.5
elene888,Harry Potter and the Chamber of Secrets (2002),3.5
elene888,Dial M for Murder (1954),3.5
elene888,Rope (1948),3.5
elene888,The Lady Vanishes (1938),3.5
elene888,Thank You for Smoking (2005),3.5
elene888,Daddy Day Care (2003),3.5
elene888,Evil (2003),3.5
elene888,Unserious Man (1980),3.5
elene888,Twinkling Watermelon (2023),3.5
elene888,The Theory of Everything (2014),3.5
elene888,Once in the Middle of the City (2011),3.5
elene888,Submarine (2010),3.5
elene888,Click (2006),3.5
elene888,La La Land (2016),3.5
elene888,Glass Onion (2022),3.5
elene888,Barbie (2023),3.5
elene888,Pulp Fiction (1994),3.5
elene888,Three Colours: White (1994),3.5
elene888,Oppenheimer (2023),3.5
elene888,Pina (2011),3.5
elene888,Bashi-Achuki (1956),3.5
elene888,Rain Man (1988),3.5
elene888,No Other Choice (2025),3.5
elene888,Monster House (2006),3.5
elene888,Elevator to the Gallows (1958),3.5
elene888,Southpaw (2015),3.5
elene888,Legacy (2006),3.5
elene888,Matsi Khvitia (1966),3.5
elene888,Tony Takitani (2004),3.5
elene888,The Invisible Guest (2016),3.5
elene888,Last Days (2005),3.5
elene888,Confessions (2010),3.5
elene888,20th Century Girl (2022),3.5
elene888,Four Trousers And One Calico Dress (1977),3.5
elene888,A Moment to Remember (2004),3.5
elene888,Breathless (1960),3.5
elene888,Blue Valentine (2010),3.5
elene888,Avatar (2009),3.5
elene888,The Florida Project (2017),3.5
elene888,Her (2013),3.5
elene888,Anora (2024),3.5
elene888,American Psycho (2000),3.5
elene888,Bridge to Terabithia (2007),3.5
elene888,Rush Hour 3 (2007),3.5
elene888,Hachi: A Dog's Tale (2009),3.5
elene888,Kung Fu Panda 2 (2011),3.5
elene888,Captain America: Civil War (2016),3.5
elene888,Us (2019),3.5
elene888,The Other Bank (2009),3.5
elene888,The Avengers (2012),3.5
elene888,Wasabi (2001),3.5
elene888,Masculin Féminin (1966),3.5
elene888,The Substance (2024),3.5
elene888,Challengers (2024),3.5
elene888,Jaws (1975),3.5
elene888,Black Mirror: Loch Henry (2023),3.5
elene888,Exhuma (2024),3.5
elene888,Your Name. (2016),3.5
elene888,Aurore (2005),3.5
elene888,The Breakfast Club (1985),3.5
elene888,The Wonderful Story of Henry Sugar (2023),3.5
elene888,Arthur and the Invisibles (2006),3.5
elene888,Wonder (2017),3.5
elene888,American Beauty (1999),3.5
elene888,Persian Lessons (2020),3.5
elene888,Turner & Hooch (1989),3.5
elene888,Edward Scissorhands (1990),3.5
elene888,Before Sunrise (1995),3.5
elene888,Life Is Beautiful (1997),3.5
elene888,The Parent Trap (1998),3.5
elene888,10 Things I Hate About You (1999),3.5
elene888,The Princess Diaries (2001),3.5
elene888,The Holiday (2006),3.5
elene888,The Beautiful Person (2008),3.5
elene888,The Karate Kid (2010),3.5
elene888,Real Steel (2011),3.5
elene888,Inside Out (2015),3.5
elene888,Me Before You (2016),3.5
elene888,Star Wars: The Last Jedi (2017),3.5
elene888,All the Bright Places (2020),3.5
elene888,Cruella (2021),3.5
elene888,Hotel Transylvania: Transformania (2022),3.5
elene888,"Liza, Go On (2023)",3.5
elene888,Freedom Writers (2007),3.5
elene888,Wonka (2023),3.5
elene888,Pawn Sacrifice (2014),3.5
elene888,Cherry (2021),3.5
elene888,Liar Liar (1997),3.5
elene888,Saltburn (2023),3.5
elene888,The Man from Nowhere (2010),3.0
elene888,The Hunger Games (2012),3.0
elene888,Michael (2026),3.0
elene888,Insomnia (2002),3.0
elene888,Spider-Man: Homecoming (2017),3.0
elene888,Disclosure Day (2026),3.0
elene888,Dan in Real Life (2007),3.0
elene888,The Devil Wears Prada 2 (2026),3.0
elene888,The Drama (2026),3.0
elene888,Woman of the Ganges (1974),3.0
elene888,Harry Potter and the Philosopher's Stone (2001),3.0
elene888,The Fast and the Furious (2001),3.0
elene888,The Italian Job (2003),3.0
elene888,The Naked Gun 2½: The Smell of Fear (1991),3.0
elene888,The Naked Gun: From the Files of Police Squad! (1988),3.0
elene888,1408 (2007),3.0
elene888,Graduate First (1978),3.0
elene888,The Good Lie (2014),3.0
elene888,28 Days Later (2002),3.0
elene888,Space Jam (1996),3.0
elene888,Poker.AM (2012),3.0
elene888,given (2019),3.0
elene888,My Hero Academia: You're Next (2024),3.0
elene888,The Guilty (2021),3.0
elene888,Stranger Things 5: The Finale (2025),3.0
elene888,Poison (2023),3.0
elene888,Pretty Woman (1990),3.0
elene888,8 Mile (2002),3.0
elene888,A Silent Voice: The Movie (2016),3.0
elene888,The Witch: Part 1. The Subversion (2018),3.0
elene888,Midnight (2021),3.0
elene888,Bandidas (2006),3.0
elene888,Climax (2018),3.0
elene888,A.I. Artificial Intelligence (2001),3.0
elene888,Companion (2025),3.0
elene888,We Need to Talk About Kevin (2011),3.0
elene888,The Boy in the Striped Pyjamas (2008),3.0
elene888,Iron Man 2 (2010),3.0
elene888,Sinners (2025),3.0
elene888,The Impossible (2012),3.0
elene888,Blue Spring Ride (2014),3.0
elene888,House of Wax (2005),3.0
elene888,Drowning Love (2016),3.0
elene888,Clouds (2020),3.0
elene888,My Girl (1991),3.0
elene888,The Basketball Diaries (1995),3.0
elene888,Mean Girls (2004),3.0
elene888,Harold & Kumar Go to White Castle (2004),3.0
elene888,The Train Went on and on (2005),3.0
elene888,Charlie and the Chocolate Factory (2005),3.0
elene888,Zathura: A Space Adventure (2005),3.0
elene888,127 Hours (2010),3.0
elene888,Spy Kids: All the Time in the World (2011),3.0
elene888,In Bloom (2013),3.0
elene888,Killing Season (2013),3.0
elene888,Penguins of Madagascar (2014),3.0
elene888,The Son of Bigfoot (2017),3.0
elene888,The Farewell (2019),3.0
elene888,Say Anything... (1989),3.0
elene888,Clueless (1995),3.0
elene888,A Summer's Tale (1996),3.0
elene888,We Live in Time (2024),3.0
elene888,Zombieland: Double Tap (2019),3.0
elene888,The Perks of Being a Wallflower (2012),3.0
elene888,Marriage Story (2019),3.0
elene888,Wolfwalkers (2020),3.0
elene888,The Platform (2019),3.0
elene888,My Sister's Keeper (2009),3.0
elene888,Words on Bathroom Walls (2020),3.0
elene888,#Alive (2020),3.0
elene888,50 First Dates (2004),3.0
elene888,The Sleeping Dictionary (2003),3.0
elene888,Atonement (2007),3.0
elene888,(500) Days of Summer (2009),3.0
elene888,Cool Kids Don't Cry (2012),3.0
elene888,Love 911 (2012),3.0
elene888,Before Midnight (2013),3.0
elene888,The Fault in Our Stars (2014),3.0
elene888,Room (2015),3.0
elene888,Lady Bird (2017),3.0
elene888,Tune in for Love (2019),3.0
elene888,Little Women (2019),3.0
elene888,Holidate (2020),3.0
elene888,Don't Worry Darling (2022),3.0
elene888,Missing (2023),3.0
elene888,Beautiful Boy (2018),3.0
elene888,Towa no Quon 1: The Ephemeral Petals (2011),2.5
elene888,The Home (2025),2.5
elene888,Little (2019),2.5
elene888,Pearl (2022),2.5
elene888,Red Eye (2005),2.5
elene888,Wotakoi: Love Is Hard for Otaku (2018),2.5
elene888,Rascal Does Not Dream of Bunny Girl Senpai (2018),2.5
elene888,Barbie: A Perfect Christmas (2011),2.5
elene888,My Hero Academia: World Heroes' Mission (2021),2.5
elene888,My Hero Academia: Two Heroes (2018),2.5
elene888,Tokyo Revengers (2021),2.5
elene888,A Walk to Remember (2002),2.5
elene888,Murder Mystery (2019),2.5
elene888,Crash (1996),2.5
elene888,The Lovely Bones (2009),2.5
elene888,3 Idiots (2009),2.5
elene888,The Words (2012),2.5
elene888,Tramps (2016),2.5
elene888,Bad Moms (2016),2.5
elene888,3096 Days (2013),2.5
elene888,Secret Window (2004),2.5
elene888,Blue Spring Ride (2014),2.5
elene888,The Dreamers (2003),2.5
elene888,Abe (2019),2.5
elene888,The Nanny Diaries (2007),2.5
elene888,The Butterfly Effect 2 (2006),2.5
elene888,16 Wishes (2010),2.5
elene888,Hot Summer Nights (2017),2.5
elene888,Fear (1996),2.5
elene888,Cold Meat (2023),2.5
elene888,What She Likes (2021),2.5
elene888,Good Luck Chuck (2007),2.5
elene888,The Notebook (2004),2.0
elene888,Red Lights (2012),2.0
elene888,The Housemaid (2025),2.0
elene888,Easy A (2010),2.0
elene888,The Ballad of Love (2011),2.0
elene888,Lost in the new year (2015),2.0
elene888,People We Meet on Vacation (2026),2.0
elene888,Five Feet Apart (2019),2.0
elene888,Blonde (2022),2.0
elene888,The Twilight Saga: Breaking Dawn – Part 1 (2011),2.0
elene888,The Twilight Saga: Breaking Dawn – Part 2 (2012),2.0
elene888,"The Gangster, the Cop, the Devil (2019)",2.0
elene888,Enola Holmes (2020),2.0
elene888,Business Proposal (2022),2.0
elene888,Thor: Love and Thunder (2022),2.0
elene888,Cruel Intentions (1999),2.0
elene888,A Cinderella Story (2004),2.0
elene888,She's the Man (2006),2.0
elene888,Damsel (2024),2.0
elene888,Divergent (2014),2.0
elene888,Truth or Dare (2018),2.0
elene888,Bridget Jones: The Edge of Reason (2004),1.5
elene888,First Daughter (2004),1.5
elene888,The Exception (2016),1.5
elene888,28 Weeks Later (2007),1.5
elene888,My Hero Academia: Heroes Rising (2019),1.5
elene888,Dorian Gray (2009),1.5
elene888,Lolita (1997),1.5
elene888,Chalet Girl (2011),1.5
elene888,Titanic (1997),1.5
elene888,Love at First Sight (2023),1.5
elene888,Assassin's Creed (2016),1.0
elene888,Call Me by Your Name (2017),1.0
elene888,247°F (2011),1.0
elene888,Panopticon (2024),1.0
elene888,Annabelle Comes Home (2019),1.0
elene888,True Beauty (2020),1.0
elene888,Twilight (2008),1.0
elene888,Morbius (2022),0.5
elene888,Champagne Problems (2025),0.5
elene888,Love (2015),0.5
elene888,The Blue Lagoon (1980),0.5
elene888,Jennifer's Body (2009),0.5
elene888,Three Steps Above Heaven (2010),0.5
elene888,Oldboy (2013),0.5
elene888,The Long Goodbye (2020),0.5
elene888,Gas Light (2017),0.5
elene888,Megan Is Missing (2011),0.5
elene888,Spider-Man 3 (2007),Unrated
elene888,Weak Hero (2022),Unrated
elene888,Spider-Man (2002),Unrated
elene888,The Sound of Music (1965),Unrated
elene888,Blink (2022),Unrated
elene888,Always (2011),Unrated
elene888,Dedis kheli (1959),Unrated
elene888,"A Girl, She Is 100% (1983)",Unrated
elene888,Weightlifting Fairy Kim Bok-joo (2016),Unrated
elene888,Asterix & Obelix: The Middle Kingdom (2023),Unrated
elene888,And Then We Danced (2019),Unrated
elene888,Notting Hill (1999),Unrated
elene888,Jumanji (1995),Unrated
elene888,Wolf Psychology (2009),Unrated
elene888,Accepted (2006),Unrated
elene888,Jumanji: Welcome to the Jungle (2017),Unrated
elene888,Jumanji: The Next Level (2019),Unrated
elene888,Spider-Man 2 (2004),Unrated
elene888,Taxi (2014),Unrated
elene888,Venom: Let There Be Carnage (2021),Unrated
elene888,Barbie in A Mermaid Tale (2010),Unrated
elene888,Avengers: Infinity War (2018),Unrated
elene888,Barbie and the Diamond Castle (2008),Unrated
elene888,Half Nelson (2006),Unrated
elene888,The Mask (1994),Unrated
elene888,How the Grinch Stole Christmas (2000),Unrated
elene888,EuroTrip (2004),Unrated
elene888,After (2019),Unrated
elene888,Ballerina (2016),Unrated
elene888,Storks (2016),Unrated
elene888,Temo (2019),Unrated
elene888,The Emoji Movie (2017),Unrated
elene888,Finding Dory (2016),Unrated
elene888,Minions (2015),Unrated
elene888,Tangled (2010),Unrated
elene888,Alvin and the Chipmunks: The Squeakquel (2009),Unrated
elene888,Alvin and the Chipmunks (2007),Unrated
elene888,Home Alone 4 (2002),Unrated
elene888,"Monsters, Inc. (2001)",Unrated
elene888,Home Alone 3 (1997),Unrated
elene888,Allegiant (2016),Unrated
elene888,The Secret Life of Pets (2016),Unrated
elene888,Sausage Party (2016),Unrated
elene888,Make Me a Sandwich (2019),Unrated
elene888,Ice Age: Collision Course (2016),Unrated
elene888,Plague (1983),Unrated
elene888,She's All That (1999),Unrated
elene888,All Too Well: The Short Film (2021),Unrated
elene888,Bridget Jones's Diary (2001),Unrated
elene888,Black Mirror: San Junipero (2016),Unrated
elene888,Ice Age: A Mammoth Christmas (2011),Unrated
elene888,Ice Age: Dawn of the Dinosaurs (2009),Unrated
elene888,Surviving Sid (2008),Unrated
elene888,No Time for Nuts (2006),Unrated
elene888,Help (2021),Unrated
elene888,3+3 (2015),Unrated
elene888,Ice Age: The Meltdown (2006),Unrated
elene888,Ice Age (2002),Unrated
elene888,Aladdin (2019),Unrated
elene888,Magdana's Donkey (1955),Unrated
elene888,Madagascar (2005),Unrated
elene888,Black Mulberry (2012),Unrated
elene888,The Twilight Saga: New Moon (2009),Unrated
elene888,The Twilight Saga: Eclipse (2010),Unrated
elene888,The Confession (2017),Unrated
elene888,It (2017),Unrated
elene888,Hotel Transylvania 3: Summer Vacation (2018),Unrated
elene888,DAHMER - Monster: The Jeffrey Dahmer Story (2022),Unrated
elene888,Inside Out 2 (2024),Unrated
elene888,My Fault (2023),Unrated
elene888,Enola Holmes 2 (2022),Unrated
elene888,Through My Window (2022),Unrated
elene888,He's All That (2021),Unrated
elene888,Luca (2021),Unrated
elene888,To All the Boys: P.S. I Still Love You (2020),Unrated
elene888,Frozen II (2019),Unrated
elene888,Z-O-M-B-I-E-S (2018),Unrated
elene888,To All the Boys I've Loved Before (2018),Unrated
elene888,Sing (2016),Unrated
elene888,Hotel Transylvania 2 (2015),Unrated
elene888,Alvin and the Chipmunks: Chipwrecked (2011),Unrated
elene888,Frozen (2013),Unrated
elene888,The Princess Diaries 2: Royal Engagement (2004),Unrated
elene888,Love Next Door (2024),Unrated
elene888,"Nevertheless, (2021)",Unrated
elene888,Z-O-M-B-I-E-S 2 (2020),Unrated
elene888,Tokyo Ghoul (2014),Unrated
elene888,The Smurfs (2011),Unrated
elene888,Little Man (2006),Unrated
elene888,Dumb and Dumber (1994),Unrated
elene888,One Hundred and One Dalmatians (1961),Unrated
elene888,Boruto: Naruto the Movie (2015),Unrated
elene888,How to Train Your Dragon (2010),Unrated
elene888,Arthur and the Revenge of Maltazard (2009),Unrated
elene888,Arthur 3: The War of the Two Worlds (2010),Unrated
elene888,Whose Soul Do You Want? (2016),Unrated
elene888,Open Season (2006),Unrated
elene888,Kakegurui (2017),Unrated
elene888,Bee Movie (2007),Unrated
elene888,Hunter x Hunter: Phantom Rouge (2013),Unrated
elene888,Cloudy with a Chance of Meatballs (2009),Unrated
elene888,The Chronicles of Narnia: Prince Caspian (2008),Unrated
elene888,Encanto (2021),Unrated
elene888,Peter Rabbit 2: The Runaway (2021),Unrated
elene888,Incredibles 2 (2018),Unrated
elene888,Peter Rabbit (2018),Unrated
elene888,Naughty Kids 3: Operation Ninth Sky (2017),Unrated
elene888,Monster Family (2017),Unrated
elene888,Monster Family 2 (2021),Unrated
elene888,Hostages (2017),Unrated
elene888,Alvin and the Chipmunks: The Road Chip (2015),Unrated
elene888,The Act of Seeing with One's Own Eyes (1972),Unrated
elene888,Love At Fifth Sight (2014),Unrated
elene888,Son of God (2014),Unrated
elene888,Mr. Nanny (2013),Unrated
elene888,"The Chronicles of Narnia: The Lion, the Witch and the Wardrobe (2005)",Unrated
elene888,The Smurfs 2 (2013),Unrated
elene888,Squid Game (2021),Unrated
elene888,The Thing You Love Most (2008),Unrated
elene888,The Thing You Love Most 2 (2009),Unrated
elene888,Naughty Kids: Operation New Year (2012),Unrated
elene888,Open Season 3 (2010),Unrated
elene888,Dream Town (2010),Unrated
elene888,Open Season 2 (2008),Unrated
elene888,The Incredibles (2004),Unrated
elene888,The Passion of the Christ (2004),Unrated
elene888,Hulk (2003),Unrated
elene888,Naughty Kids 2: Operation Moneribus (2014),Unrated
elene888,Spy Kids 2: The Island of Lost Dreams (2002),Unrated
elene888,Bao (2018),Unrated
elene888,Spy Kids 3-D: Game Over (2003),Unrated
elene888,Ozzy (2016),Unrated
elene888,Barbie as The Princess & the Pauper (2004),Unrated
elene888,Barbie: A Fairy Secret (2011),Unrated
elene888,Song of Avignon (1998),Unrated
elene888,Spy Kids (2001),Unrated
elene888,Twenty Five Twenty One (2022),Unrated
elene888,Bigfoot Family (2020),Unrated
elene888,My Wife's Friend in the Cinema (2013),Unrated
elene888,Norwegian Wood (2010),Unrated
elene888,Naruto the Movie: Legend of the Stone of Gelel (2005),Unrated
elene888,Naruto the Movie: Ninja Clash in the Land of Snow (2004),Unrated
elene888,Naruto: The Lost Story - Mission: Protect the Waterfall Village! (2003),Unrated
elene888,Give me the pump (2010),Unrated
elene888,The Feast (2024),Unrated
elene888,You Don't Mess with the Zohan (2008),Unrated
elene888,Despicable Me (2010),Unrated
elene888,Minions: The Rise of Gru (2022),Unrated
elene888,Hotel Transylvania (2012),Unrated
elene888,Now (2003),Unrated
elene888,Juliet in Paris (1967),Unrated
elene888,Despicable Me 2 (2013),Unrated
elene888,Despicable Me 3 (2017),Unrated
elene888,I'll Return as the Rain (1986),Unrated
elene888,Colors (1976),Unrated
elene888,Extraordinary You (2019),Unrated
elene888,Guardian: The Lonely and Great God (2016),Unrated
elene888,It's Okay to Not Be Okay (2020),Unrated
elene888,I Am Not a Robot (2017),Unrated
elene888,Rush Hour 2 (2001),Unrated
elene888,Late Spring (1949),Unrated
elene888,The Incredible Hulk (2008),Unrated
elene888,Sweet Home (2020),Unrated
elene888,Kedi (2016),Unrated
elene888,The Death Lullaby (1985),Unrated
elene888,A Ball and a Pitch (1962),Unrated
elene888,Iron Man (2008),Unrated
elene888,All of Us Are Dead (2022),Unrated
elene888,Attack on Titan: Chronicle (2020),Unrated
elene888,Brick (2005),Unrated
elene888,The Killers (1956),Unrated
elene888,The Dream of a Ridiculous Man (1992),Unrated
elene888,The cub Budru (2008),Unrated
elene888,Step Up (2006),Unrated
elene888,Sallie Gardner at a Gallop (1878),Unrated
elene888,Tango (1981),Unrated
elene888,Pig (2019),Unrated
elene888,Iron Man 3 (2013),Unrated
elene888,Thor (2011),Unrated
elene888,Diary of a Wimpy Kid: Rodrick Rules (2011),Unrated
elene888,Avengers: Age of Ultron (2015),Unrated
elene888,Captain America: The First Avenger (2011),Unrated
elene888,Only You (2014),Unrated
elene888,The Three Stooges (2012),Unrated
elene888,What's Left of You (2015),Unrated
elene888,Musicians (1969),Unrated
elene888,Captain America: The Winter Soldier (2014),Unrated
elene888,The Lost Boys (1987),Unrated
elene888,Paper Lives (2021),Unrated
elene888,Eat and Sex (2011),Unrated
elene888,Private Lesson (2022),Unrated
elene888,A Small September Affair (2014),Unrated
elene888,Feola (1970),Unrated
elene888,Messi (2014),Unrated
elene888,Smile (2022),Unrated
elene888,Coco (2017),Unrated
elene888,Garden State (2004),Unrated
elene888,Otar's Widow (1957),Unrated
elene888,Ratatouille (2007),Unrated
elene888,Spider-Man: No Way Home (2021),Unrated
elene888,Capernaum (2018),Unrated
elene888,Anyone But You (2023),Unrated
elene888,A Gentle Breeze in the Village (2007),Unrated
elene888,Pat & Mat in a Movie (2016),Unrated
elene888,Lost in Translation (2003),Unrated
elene888,Now You See Me (2013),Unrated
elene888,Kvevri (1970),Unrated
elene888,Now You See Me 2 (2016),Unrated
elene888,Through the Peephole of Passions (2013),Unrated
elene888,The Dictator (2012),Unrated
elene888,Grease (1978),Unrated
elene888,Colombiana (2011),Unrated
elene888,Borat: Cultural Learnings of America for Make Benefit Glorious Nation of Kazakhstan (2006),Unrated
elene888,Blue Bird (2014),Unrated
elene888,I'm Beso (2014),Unrated
elene888,Six Men Getting Sick (1967),Unrated
elene888,Absurd Encounter with Fear (1967),Unrated
elene888,I Have a Radio (2011),Unrated
elene888,Ball of Bees #1 (2001),Unrated
elene888,Ballerina (2007),Unrated
elene888,The Adventures of Alan R. (2020),Unrated
elene888,Idem Paris (2013),Unrated
elene888,Begone Dull Care (1949),Unrated
elene888,The Yellow Wallpaper (1977),Unrated
elene888,Five Nights at Freddy's (2023),Unrated
elene888,The Only Living Boy in New York (2017),Unrated
elene888,The Fish and I (2014),Unrated
elene888,Dots (1940),Unrated
elene888,Attack on Titan: Wings of Freedom (2015),Unrated
elene888,The Eccentrics (1974),Unrated
elene888,Neighbours (1952),Unrated
elene888,"Blue Mountains, or an Unbelievable Story (1983)",Unrated
elene888,The Godfather Part II (1974),Unrated
elene888,Au Hasard Balthazar (1966),Unrated
elene888,Demon Slayer: Kimetsu no Yaiba - Tsuzumi Mansion Arc (2021),Unrated
elene888,Teen Spirit (2011),Unrated
elene888,Bad Teacher (2011),Unrated
elene888,Naruto the Movie: Guardians of the Crescent Moon Kingdom (2006),Unrated
elene888,Aquamarine (2006),Unrated
elene888,Shark Tale (2004),Unrated
elene888,Life-Size (2000),Unrated
elene888,Looks That Kill (2020),Unrated
elene888,Drawing Closer (2024),Unrated
elene888,"Hen, His Wife (1990)",Unrated
elene888,Andrey Svislotskiy (1991),Unrated
elene888,Lucky Three: An Elliott Smith Portrait (1997),Unrated
elene888,Tailor Beso (1977),Unrated
elene888,Anima (2019),Unrated
elene888,Home Alone 2: Lost in New York (1992),Unrated
elene888,The Red Balloon (1956),Unrated
elene888,Ranina (1974),Unrated
elene888,Thor: Ragnarok (2017),Unrated
elene888,Finding Nemo (2003),Unrated
elene888,A Happy Romance (1972),Unrated
elene888,Lost & Found (2018),Unrated
elene888,Doctor Strange in the Multiverse of Madness (2022),Unrated
elene888,The Painted Veil (2006),Unrated
elene888,The Grinch (2018),Unrated
elene888,Romeo + Juliet (1996),Unrated
elene888,The Hot Chick (2002),Unrated
elene888,Beauty and the Beast (2017),Unrated
elene888,Khevsuri From Bakurkhevian (1980),Unrated
elene888,Excuse Me! You Are About to Die (1965),Unrated
elene888,The Boss Baby (2017),Unrated
